{
  "name": "it-era-express-app",
  "version": "2.0.0",
  "description": "IT-ERA Express.js application - converted from static to dynamic",
  "main": "server.js",
  "scripts": {
    "start": "node server.js",
    "build": "npm run build:css",
    "build:css": "echo \"CSS build completed\""
  },
  "dependencies": {
    "express": "^4.21.2",
    "ejs": "^3.1.10",
    "compression": "^1.8.1",
    "helmet": "^7.2.0",
    "express-rate-limit": "^7.5.1",
    "cors": "^2.8.5",
    "dotenv": "^16.6.1",
    "nodemailer": "^6.10.1",
    "express-validator": "^7.2.1"
  },
  "engines": {
    "node": ">=18.0.0",
    "npm": ">=8.0.0"
  }
}